{"cameraMode":{"drawMode":0,"name":"Shaded","section":"Shading Mode"},"sceneLighting":true,"audioPlay":false,"sceneViewState":{"showFog":true,"showMaterialUpdate":false,"showSkybox":true,"showFlares":true,"showImageEffects":true,"showParticleSystems":true},"in2DMode":false,"pivot":{"x":-3.2192153930664064,"y":1.0748157501220704,"z":-12.666801452636719},"rotation":{"x":-0.1726955622434616,"y":0.5139843821525574,"z":-0.10649926215410233,"w":-0.833459198474884},"size":45.052242279052737,"orthographic":false}